228365,tdata5,-2101319912,0,923.175479,292.800242
228366,tdata5,-2101319898,0,924.935904,295.441103
228367,tdata5,-2101319881,0,924.935904,295.441103
228368,tdata5,-2101319864,0,924.749397,295.584194
228369,tdata5,-2101319847,0,925.004456,295.63348
228370,tdata5,-2101319830,0,923.654309,296.191185
228371,tdata5,-2101319814,0,924.413662,292.119796
228372,tdata5,-2101319797,0,924.360366,288.451512
228373,tdata5,-2101319780,0,927.707696,280.110881
228374,tdata5,-2101319763,0,928.013106,279.190485
228375,tdata5,-2101319747,0,930.491015,279.319974
228376,tdata5,-2101319731,0,930.491015,279.319974
228377,tdata5,-2101319715,0,935.460454,276.25189
228378,tdata5,-2101319698,0,934.015222,276.314034
228379,tdata5,-2101319681,0,933.448199,276.229429
228380,tdata5,-2101319665,0,929.353424,276.882544
228381,tdata5,-2101319648,0,932.623382,272.883066
228382,tdata5,-2101319632,1,933.385682,273.373152
228383,tdata5,-2101319615,1,934.35046,272.673377
228384,tdata5,-2101319598,1,931.617339,275.745203
228385,tdata5,-2101319582,1,931.617339,275.745203
228386,tdata5,-2101319565,1,933.165219,273.173812
228387,tdata5,-2101319548,1,931.682542,275.812243
228388,tdata5,-2101319532,1,931.594526,270.124435
228389,tdata5,-2101319515,1,933.587786,270.3437
228390,tdata5,-2101319498,1,933.416534,274.138158
228391,tdata5,-2101319481,1,932.216752,275.810228
228392,tdata5,-2101319465,1,930.362331,275.639409
228393,tdata5,-2101319448,1,930.204571,275.246768
228394,tdata5,-2101319431,1,930.204571,275.246768
228395,tdata5,-2101319415,1,929.108196,275.809001
228396,tdata5,-2101319398,1,928.689708,273.519233
228397,tdata5,-2101319381,1,929.345706,271.528467
228398,tdata5,-2101319365,1,931.366405,275.030993
228399,tdata5,-2101319348,1,930.195877,275.491341
228400,tdata5,-2101319331,1,929.273564,275.459049
228401,tdata5,-2101319315,1,929.739415,276.882483
228402,tdata5,-2101319298,1,929.63055,277.988378
228403,tdata5,-2101319281,1,929.63055,277.988378
228404,tdata5,-2101319265,1,928.718141,276.646476
228405,tdata5,-2101319248,1,929.277796,277.080062
228406,tdata5,-2101319231,1,934.010089,275.534293
228407,tdata5,-2101319214,1,932.303421,279.086918
228408,tdata5,-2101319198,1,932.867391,281.251125
228409,tdata5,-2101319181,1,933.269458,285.201371
228410,tdata5,-2101319164,1,933.906574,288.473392
228411,tdata5,-2101319148,1,932.479163,293.703432
228412,tdata5,-2101319131,1,932.479163,293.703432
228413,tdata5,-2101319115,1,930.164681,288.236
228414,tdata5,-2101319098,1,928.807675,286.223546
228415,tdata5,-2101319081,1,929.116304,284.473609
228416,tdata5,-2101319065,1,926.548922,283.156017
228417,tdata5,-2101319048,1,913.617575,287.946863
228418,tdata5,-2101319031,1,907.747642,290.919742
228419,tdata5,-2101319014,1,904.672446,293.365453
228420,tdata5,-2101318998,1,903.982662,293.491943
228421,tdata5,-2101318980,1,903.982662,293.491943
228422,tdata5,-2101318965,1,902.592122,296.573024
228423,tdata5,-2101318948,1,901.811845,296.063016
228424,tdata5,-2101318931,1,895.522097,294.745873
228425,tdata5,-2101318915,1,896.519188,289.244598
228426,tdata5,-2101318898,1,895.367703,291.778178
228427,tdata5,-2101318881,1,895.871321,290.87628
228428,tdata5,-2101318864,1,895.7498,290.998144
228429,tdata5,-2101318848,1,889.239598,291.412119
228430,tdata5,-2101318831,1,889.239598,291.412119
228431,tdata5,-2101318814,1,891.096302,287.470353
228432,tdata5,-2101318798,1,888.474926,289.821096
228433,tdata5,-2101318781,1,893.446214,297.036286
228434,tdata5,-2101318764,1,895.089152,298.771508
228435,tdata5,-2101318748,1,896.777924,294.853378
228436,tdata5,-2101318731,1,897.363647,296.990575
228437,tdata5,-2101318714,1,898.784694,297.943772
228438,tdata5,-2101318697,1,902.356479,294.668329
228439,tdata5,-2101318681,1,902.356479,294.668329
228440,tdata5,-2101318664,1,904.79391,295.029373
228441,tdata5,-2101318648,1,898.351485,289.621014
228442,tdata5,-2101318631,2,895.59164,287.583595
228443,tdata5,-2101318614,2,895.085191,287.921751
228444,tdata5,-2101318597,2,894.512372,289.92359
228445,tdata5,-2101318581,2,893.081961,294.746245
228446,tdata5,-2101318564,2,897.090643,294.711739
228447,tdata5,-2101318548,2,896.322837,295.287629
228448,tdata5,-2101318531,2,896.322837,295.287629
228449,tdata5,-2101318514,2,892.793874,294.733384
228450,tdata5,-2101318498,2,889.181462,293.879762
228451,tdata5,-2101318481,2,885.349879,295.931309
228452,tdata5,-2101318463,2,880.840382,298.107828
228453,tdata5,-2101318448,2,876.905435,298.149566
228454,tdata5,-2101318431,2,877.184788,297.649328
228455,tdata5,-2101318414,2,876.207763,297.491462
228456,tdata5,-2101318397,2,874.604327,298.4543
228457,tdata5,-2101318381,2,874.604327,298.4543
228458,tdata5,-2101318364,2,873.693497,299.766074
228459,tdata5,-2101318348,2,866.421834,306.750671
228460,tdata5,-2101318331,2,850.944093,332.342816
228461,tdata5,-2101318314,2,846.806562,339.526588
228462,tdata5,-2101318297,2,843.89658,334.246999
228463,tdata5,-2101318281,2,844.543945,335.370147
228464,tdata5,-2101318264,2,844.787844,334.18361
228465,tdata5,-2101318247,2,844.329262,328.351942
228466,tdata5,-2101318230,2,844.329262,328.351942
228467,tdata5,-2101318214,2,834.92139,313.478315
228468,tdata5,-2101318197,2,833.524428,321.212473
228469,tdata5,-2101318180,2,832.256368,322.317169
228470,tdata5,-2101318164,2,832.213174,323.29292
228471,tdata5,-2101318147,2,833.322617,320.92962
228472,tdata5,-2101318131,2,834.084899,321.881613
228473,tdata5,-2101318113,2,833.804885,320.780657
228474,tdata5,-2101318097,2,833.670862,321.415282
228475,tdata5,-2101318081,2,833.670862,321.415282
228476,tdata5,-2101318064,2,834.163794,322.687455
228477,tdata5,-2101318047,2,833.042672,324.609946
228478,tdata5,-2101318030,2,831.835669,328.125121
228479,tdata5,-2101318013,2,829.242575,322.45857
228480,tdata5,-2101317997,2,826.608732,321.761814
228481,tdata5,-2101317980,2,826.179522,323.468103
228482,tdata5,-2101317963,2,825.309082,324.672604
228483,tdata5,-2101317947,2,818.091236,329.027526
228484,tdata5,-2101317931,2,818.091236,329.027526
228485,tdata5,-2101317914,2,814.918798,329.505576
228486,tdata5,-2101317897,2,811.294405,328.474521
228487,tdata5,-2101317881,2,803.189165,318.095162
228488,tdata5,-2101317864,2,803.302954,320.569882
228489,tdata5,-2101317847,2,803.757609,324.840246
228490,tdata5,-2101317831,2,805.003088,322.361899
228491,tdata5,-2101317814,2,808.090378,327.222881
228492,tdata5,-2101317797,2,807.823547,325.122807
228493,tdata5,-2101317781,2,807.823547,325.122807
228494,tdata5,-2101317764,2,808.687046,325.23716
228495,tdata5,-2101317747,2,810.673089,324.038266
228496,tdata5,-2101317730,2,810.501301,322.108551
228497,tdata5,-2101317714,2,809.685102,319.832931
228498,tdata5,-2101317697,2,807.007524,320.158749
228499,tdata5,-2101317680,2,806.026191,320.17102
228500,tdata5,-2101317664,2,802.076413,319.761165
228501,tdata5,-2101317647,2,792.96104,319.819166
228502,tdata5,-2101317630,3,792.96104,319.819166
228503,tdata5,-2101317614,3,787.231848,320.880016
228504,tdata5,-2101317597,3,784.26931,319.361344
228505,tdata5,-2101317580,3,771.416298,309.849051
228506,tdata5,-2101317564,3,771.772583,307.745542
228507,tdata5,-2101317547,3,772.39471,305.594216
228508,tdata5,-2101317530,3,771.237786,302.951853
228509,tdata5,-2101317514,3,771.526777,307.990907
228510,tdata5,-2101317497,3,768.958838,302.55796
228511,tdata5,-2101317480,3,768.958838,302.55796
228512,tdata5,-2101317464,3,769.432249,313.466125
228513,tdata5,-2101317447,3,767.639677,319.397069
228514,tdata5,-2101317430,3,768.643588,316.263963
228515,tdata5,-2101317414,3,768.111928,316.060519
228516,tdata5,-2101317397,3,766.849526,315.906535
228517,tdata5,-2101317379,3,763.628808,316.70869
228518,tdata5,-2101317364,3,765.710049,315.81458
228519,tdata5,-2101317347,3,766.377175,314.294027
228520,tdata5,-2101317330,3,766.377175,314.294027
228521,tdata5,-2101317314,3,764.41272,315.227707
228522,tdata5,-2101317297,3,765.613281,320.334958
228523,tdata5,-2101317280,3,760.48385,326.420145
228524,tdata5,-2101317263,3,761.536526,326.533444
228525,tdata5,-2101317247,3,758.798003,327.609217
228526,tdata5,-2101317230,3,754.448169,325.860106
228527,tdata5,-2101317214,3,756.075998,330.020789
228528,tdata5,-2101317197,3,754.412499,325.830788
228529,tdata5,-2101317180,3,754.412499,325.830788
228530,tdata5,-2101317163,3,753.428241,324.871731
228531,tdata5,-2101317147,3,750.592757,332.247335
228532,tdata5,-2101317130,3,752.066938,330.143409
228533,tdata5,-2101317114,3,753.666045,328.695541
228534,tdata5,-2101317097,3,752.891209,336.542941
228535,tdata5,-2101317080,3,753.149077,336.755339
228536,tdata5,-2101317063,3,745.81479,341.035664
228537,tdata5,-2101317047,3,747.750672,337.535288
228538,tdata5,-2101317030,3,747.750672,337.535288
228539,tdata5,-2101317013,3,749.297829,333.053311
228540,tdata5,-2101316997,3,746.53264,337.422012
228541,tdata5,-2101316980,3,741.681665,343.606871
228542,tdata5,-2101316963,3,738.992179,345.706861
228543,tdata5,-2101316947,3,726.18395,350.965402
228544,tdata5,-2101316930,3,727.450787,349.525894
228545,tdata5,-2101316913,3,729.63152,344.895992
228546,tdata5,-2101316897,3,729.486228,352.117414
228547,tdata5,-2101316880,3,729.486228,352.117414
228548,tdata5,-2101316863,3,728.905393,349.084936
228549,tdata5,-2101316847,3,733.414598,339.494856
228550,tdata5,-2101316830,3,731.288823,349.882094
228551,tdata5,-2101316813,3,730.980755,341.522812
228552,tdata5,-2101316797,3,731.335263,339.866054
228553,tdata5,-2101316779,3,729.088173,333.515032
228554,tdata5,-2101316763,3,727.428889,331.076801
228555,tdata5,-2101316746,3,726.632371,328.407292
228556,tdata5,-2101316730,3,726.632371,328.407292
228557,tdata5,-2101316713,3,726.369558,328.53436
228558,tdata5,-2101316697,3,726.798315,329.21826
228559,tdata5,-2101316680,3,724.594415,344.082533
228560,tdata5,-2101316663,3,724.518407,345.772693
228561,tdata5,-2101316646,3,718.8257,355.522074
228562,tdata5,-2101316630,4,719.742675,352.673965
228563,tdata5,-2101316613,4,723.768536,352.162624
228564,tdata5,-2101316597,4,722.161618,357.190959
228565,tdata5,-2101316580,4,722.161618,357.190959
228566,tdata5,-2101316563,4,753.296337,391.702782
228567,tdata5,-2101316546,4,731.347691,368.556212
228568,tdata5,-2101316530,4,747.813242,380.303811
228569,tdata5,-2101316513,4,740.283029,355.614964
228570,tdata5,-2101316496,4,735.928598,345.946754
228571,tdata5,-2101316480,4,761.647335,366.043645
228572,tdata5,-2101316463,4,752.464104,357.500452
228573,tdata5,-2101316446,4,750.182753,357.150852
228574,tdata5,-2101316430,4,750.182753,357.150852
228575,tdata5,-2101316413,4,737.643297,354.775668
228576,tdata5,-2101316396,4,756.439099,370.844252
228577,tdata5,-2101316380,4,745.601941,358.952031
228578,tdata5,-2101316363,4,737.920359,341.505019
228579,tdata5,-2101316346,4,755.103725,360.406992
228580,tdata5,-2101316330,4,743.701689,360.139162
228581,tdata5,-2101316313,4,739.931346,355.909573
228582,tdata5,-2101316296,4,738.268644,345.233478
228583,tdata5,-2101316280,4,738.268644,345.233478
228584,tdata5,-2101316263,4,719.564181,344.843939
228585,tdata5,-2101316246,4,719.564181,344.843939
228586,tdata5,-2101316230,4,703.561504,344.87937
228587,tdata5,-2101316213,4,717.939283,339.062928
228588,tdata5,-2101316196,4,718.317586,350.874758
228589,tdata5,-2101316180,4,711.910838,346.338106
228590,tdata5,-2101316163,4,715.472958,344.566882
228591,tdata5,-2101316146,4,718.690985,343.260367
228592,tdata5,-2101316130,4,718.690985,343.260367
228593,tdata5,-2101316113,4,719.986343,343.514256
228594,tdata5,-2101316096,4,714.682354,339.538966
228595,tdata5,-2101316080,4,724.377458,341.64041
228596,tdata5,-2101316063,4,721.597916,346.910464
228597,tdata5,-2101316046,4,722.407142,351.265821
228598,tdata5,-2101316029,4,725.326025,352.476095
228599,tdata5,-2101316013,4,727.353446,352.56012
228600,tdata5,-2101315996,4,728.531225,349.562979
228601,tdata5,-2101315980,4,728.531225,349.562979
228602,tdata5,-2101315963,4,728.104234,350.61971
228603,tdata5,-2101315946,4,725.354548,349.947187
228604,tdata5,-2101315929,4,721.925963,347.35542
228605,tdata5,-2101315913,4,712.079898,349.632936
228606,tdata5,-2101315896,4,693.650442,354.181624
228607,tdata5,-2101315879,4,694.163847,354.659717
228608,tdata5,-2101315863,4,686.837708,361.400616
228609,tdata5,-2101315846,4,679.002829,367.01243
228610,tdata5,-2101315829,4,679.002829,367.01243
228611,tdata5,-2101315813,4,663.564056,381.435484
228612,tdata5,-2101315796,4,662.262779,382.888066
228613,tdata5,-2101315779,4,664.506889,390.254514
228614,tdata5,-2101315763,4,666.267189,391.736764
228615,tdata5,-2101315746,4,667.550729,381.553407
228616,tdata5,-2101315729,4,667.383997,381.070294
228617,tdata5,-2101315713,4,666.628912,379.832812
228618,tdata5,-2101315696,4,666.295625,384.032458
228619,tdata5,-2101315679,4,666.295625,384.032458
228620,tdata5,-2101315663,4,667.195138,385.184471
228621,tdata5,-2101315646,4,705.632592,423.991587
228622,tdata5,-2101315629,5,672.740354,395.237483
228623,tdata5,-2101315613,5,679.143783,400.913019
228624,tdata5,-2101315596,5,663.823424,388.583494
228625,tdata5,-2101315579,5,668.300573,391.769068
228626,tdata5,-2101315563,5,665.277784,406.382741
228627,tdata5,-2101315546,5,660.606175,403.962079
228628,tdata5,-2101315529,5,660.606175,403.962079
228629,tdata5,-2101315513,5,654.518322,408.351495
228630,tdata5,-2101315496,5,654.317588,402.636458
228631,tdata5,-2101315479,5,656.053627,406.237008
228632,tdata5,-2101315463,5,653.092407,407.751615
228633,tdata5,-2101315446,5,653.10013,408.378293
228634,tdata5,-2101315429,5,654.571054,409.090517
228635,tdata5,-2101315413,5,656.289198,409.603112
228636,tdata5,-2101315396,5,656.804095,412.412018
228637,tdata5,-2101315379,5,656.804095,412.412018
228638,tdata5,-2101315362,5,655.091386,407.482655
228639,tdata5,-2101315346,5,649.593176,407.210294
228640,tdata5,-2101315329,5,647.821483,407.555005
228641,tdata5,-2101315312,5,648.96167,409.597576
228642,tdata5,-2101315296,5,653.562099,406.580955
228643,tdata5,-2101315279,5,653.932031,406.660615
228644,tdata5,-2101315262,5,656.784994,405.37201
228645,tdata5,-2101315246,5,658.804221,405.640904
228646,tdata5,-2101315229,5,658.804221,405.640904
228647,tdata5,-2101315212,5,657.922505,404.571339
228648,tdata5,-2101315195,5,660.29849,396.427517
228649,tdata5,-2101315179,5,661.265633,396.249585
228650,tdata5,-2101315162,5,658.570756,393.126843
228651,tdata5,-2101315146,5,658.709474,396.463514
228652,tdata5,-2101315129,5,653.297312,410.514018
228653,tdata5,-2101315112,5,654.507935,408.247221
228654,tdata5,-2101315096,5,655.258783,403.912107
228655,tdata5,-2101315079,5,655.258783,403.912107
228656,tdata5,-2101315062,5,660.00377,388.365942
228657,tdata5,-2101315046,5,661.004002,385.047842
228658,tdata5,-2101315029,5,660.40917,385.682111
228659,tdata5,-2101315012,5,657.160411,402.331639
228660,tdata5,-2101314995,5,658.602931,398.451418
228661,tdata5,-2101314979,5,661.509631,405.851268
228662,tdata5,-2101314962,5,650.266897,428.755181
228663,tdata5,-2101314946,5,647.234066,429.833882
228664,tdata5,-2101314929,5,647.234066,429.833882
228665,tdata5,-2101314912,5,648.35385,422.683903
228666,tdata5,-2101314895,5,648.35385,422.683903
228667,tdata5,-2101314878,5,642.697939,418.195186
228668,tdata5,-2101314862,5,646.492374,411.303322
228669,tdata5,-2101314845,5,648.744933,409.28862
228670,tdata5,-2101314828,5,650.649842,406.14374
228671,tdata5,-2101314812,5,651.064094,405.286915
228672,tdata5,-2101314796,5,653.286568,402.676315
228673,tdata5,-2101314779,5,653.286568,402.676315
228674,tdata5,-2101314762,5,657.203926,405.547593
228675,tdata5,-2101314745,5,662.398861,424.017299
228676,tdata5,-2101314729,5,683.805904,431.68264
228677,tdata5,-2101314712,5,681.987145,432.206339
228678,tdata5,-2101314695,5,649.686195,423.74062
228679,tdata5,-2101314679,5,633.069697,416.519733
228680,tdata5,-2101314662,5,656.563817,427.408935
228681,tdata5,-2101314645,5,636.766738,440.997169
228682,tdata5,-2101314629,6,636.766738,440.997169
228683,tdata5,-2101314612,6,575.688545,462.031964
228684,tdata5,-2101314595,6,521.578355,505.258229
228685,tdata5,-2101314578,6,529.463569,517.612194
228686,tdata5,-2101314562,6,526.733083,517.03106
228687,tdata5,-2101314545,6,519.884263,524.465275
228688,tdata5,-2101314529,6,522.074707,530.50693
228689,tdata5,-2101314512,6,526.600493,533.471896
228690,tdata5,-2101314495,6,532.155431,537.623942
228691,tdata5,-2101314479,6,532.155431,537.623942
228692,tdata5,-2101314462,6,549.404808,546.135139
228693,tdata5,-2101314445,6,549.404808,546.135139
228694,tdata5,-2101314429,6,548.284204,518.989474
228695,tdata5,-2101314412,6,548.098555,516.37874
228696,tdata5,-2101314395,6,552.168104,515.614807
228697,tdata5,-2101314378,6,554.113234,522.878637
228698,tdata5,-2101314362,6,549.438984,540.88672
228699,tdata5,-2101314345,6,548.95939,539.920391
228700,tdata5,-2101314329,6,548.95939,539.920391
228701,tdata5,-2101314312,6,549.77074,537.383401
228702,tdata5,-2101314295,6,550.595191,541.899192
228703,tdata5,-2101314278,6,549.061047,537.350736
228704,tdata5,-2101314262,6,536.755848,531.464834
228705,tdata5,-2101314245,6,539.845951,522.277221
228706,tdata5,-2101314229,6,540.324065,522.110715
228707,tdata5,-2101314212,6,542.967826,530.962975
228708,tdata5,-2101314195,6,545.357658,530.636339
228709,tdata5,-2101314178,6,545.357658,530.636339
228710,tdata5,-2101314162,6,549.52163,536.49936
228711,tdata5,-2101314145,6,554.836898,541.33751
228712,tdata5,-2101314128,6,555.608874,543.782372
228713,tdata5,-2101314112,6,550.909256,528.987368
228714,tdata5,-2101314095,6,551.601543,530.292786
228715,tdata5,-2101314078,6,549.00508,524.081683
228716,tdata5,-2101314062,6,550.83461,530.4677
228717,tdata5,-2101314045,6,552.206686,532.808967
228718,tdata5,-2101314028,6,552.206686,532.808967
228719,tdata5,-2101314011,6,556.098186,540.948748
228720,tdata5,-2101313995,6,556.480565,542.985973
228721,tdata5,-2101313978,6,557.184739,538.802144
228722,tdata5,-2101313962,6,555.317519,540.65832
228723,tdata5,-2101313945,6,549.287382,537.417331
228724,tdata5,-2101313928,6,545.346682,536.214241
228725,tdata5,-2101313912,6,543.959469,535.107493
228726,tdata5,-2101313895,6,547.775678,539.740356
228727,tdata5,-2101313878,6,547.775678,539.740356
228728,tdata5,-2101313862,6,544.855802,533.907784
228729,tdata5,-2101313845,6,546.524782,532.137622
228730,tdata5,-2101313828,6,551.345445,525.119754
228731,tdata5,-2101313812,6,548.636353,520.059603
228732,tdata5,-2101313795,6,548.055113,518.823033
228733,tdata5,-2101313778,6,549.16962,517.235289
228734,tdata5,-2101313762,6,549.632486,527.312391
228735,tdata5,-2101313745,6,550.05107,527.671672
228736,tdata5,-2101313728,6,550.05107,527.671672
228737,tdata5,-2101313711,6,547.266758,550.293717
228738,tdata5,-2101313695,6,547.972434,547.750161
228739,tdata5,-2101313678,6,547.429689,545.232264
228740,tdata5,-2101313661,6,548.596284,535.610756
228741,tdata5,-2101313645,6,548.513437,533.426732
228742,tdata5,-2101313628,7,548.628653,532.155496
228743,tdata5,-2101313611,7,545.459519,531.931641
228744,tdata5,-2101313595,7,544.421299,528.558704
228745,tdata5,-2101313578,7,544.421299,528.558704
228746,tdata5,-2101313561,7,546.480576,526.938021
228747,tdata5,-2101313545,7,534.84649,526.389092
228748,tdata5,-2101313528,7,530.152075,525.35997
228749,tdata5,-2101313511,7,536.131846,524.75181
228750,tdata5,-2101313495,7,558.98181,527.669405
228751,tdata5,-2101313478,7,556.674523,528.603618
228752,tdata5,-2101313461,7,562.586678,530.99632
228753,tdata5,-2101313445,7,579.267508,522.914549
228754,tdata5,-2101313428,7,579.267508,522.914549
228755,tdata5,-2101313411,7,581.546024,525.759361
228756,tdata5,-2101313395,7,577.303741,530.392543
228757,tdata5,-2101313378,7,579.57202,525.210951
228758,tdata5,-2101313361,7,576.75668,519.306936
228759,tdata5,-2101313345,7,580.774987,522.415748
228760,tdata5,-2101313328,7,583.055225,526.336749
228761,tdata5,-2101313311,7,583.967302,529.206234
228762,tdata5,-2101313295,7,585.286377,531.325809
228763,tdata5,-2101313277,7,585.286377,531.325809
228764,tdata5,-2101313261,7,584.19997,531.746672
228765,tdata5,-2101313245,7,582.689815,527.357822
228766,tdata5,-2101313228,7,579.040124,525.511512
228767,tdata5,-2101313211,7,578.981037,523.909122
228768,tdata5,-2101313195,7,575.852719,524.995611
228769,tdata5,-2101313178,7,576.301082,519.662251
228770,tdata5,-2101313161,7,576.462068,522.357511
228771,tdata5,-2101313145,7,575.864235,523.062526
228772,tdata5,-2101313128,7,575.864235,523.062526
228773,tdata5,-2101313111,7,581.648228,521.77012
228774,tdata5,-2101313095,7,581.100447,523.879118
228775,tdata5,-2101313078,7,578.939622,527.934379
228776,tdata5,-2101313061,7,575.912467,545.848684
228777,tdata5,-2101313045,7,575.575545,545.880044
228778,tdata5,-2101313028,7,581.263407,544.549332
228779,tdata5,-2101313011,7,590.355328,542.254347
228780,tdata5,-2101312994,7,592.549096,544.694724
228781,tdata5,-2101312978,7,592.549096,544.694724
228782,tdata5,-2101312961,7,609.866317,537.114846
228783,tdata5,-2101312944,7,600.318123,541.43139
228784,tdata5,-2101312928,7,597.976295,541.526273
228785,tdata5,-2101312911,7,598.431289,539.865197
228786,tdata5,-2101312894,7,600.380686,537.390973
228787,tdata5,-2101312878,7,604.521933,533.845301
228788,tdata5,-2101312861,7,604.86341,518.359924
228789,tdata5,-2101312844,7,608.447814,513.988214
228790,tdata5,-2101312828,7,608.447814,513.988214
228791,tdata5,-2101312811,7,604.835449,518.648984
228792,tdata5,-2101312794,7,603.377214,520.218328
228793,tdata5,-2101312778,7,600.423887,524.087371
228794,tdata5,-2101312761,7,597.595703,525.727772
228795,tdata5,-2101312744,7,598.934945,524.142926
228796,tdata5,-2101312728,7,602.72101,519.187485
228797,tdata5,-2101312711,7,600.482314,522.966553
228798,tdata5,-2101312694,7,603.437008,518.619124
228799,tdata5,-2101312678,7,603.437008,518.619124
228800,tdata5,-2101312661,7,608.437488,531.377751
228801,tdata5,-2101312644,7,612.023661,537.914639
228802,tdata5,-2101312628,8,611.096867,528.115467
228803,tdata5,-2101312611,8,612.450601,518.028657
228804,tdata5,-2101312594,8,611.584019,518.022836
228805,tdata5,-2101312577,8,610.690632,519.692792
228806,tdata5,-2101312561,8,611.654231,517.492943
228807,tdata5,-2101312544,8,607.872416,516.876714
228808,tdata5,-2101312528,8,607.872416,516.876714
228809,tdata5,-2101312511,8,605.743123,508.292291
228810,tdata5,-2101312494,8,607.670513,512.323835
228811,tdata5,-2101312477,8,607.261889,519.955753
228812,tdata5,-2101312461,8,606.550497,520.374135
228813,tdata5,-2101312444,8,607.186815,518.750298
228814,tdata5,-2101312428,8,610.036078,518.513409
228815,tdata5,-2101312411,8,613.639908,518.884057
228816,tdata5,-2101312394,8,627.183218,516.992352
228817,tdata5,-2101312377,8,627.183218,516.992352
228818,tdata5,-2101312361,8,638.460829,505.641644
228819,tdata5,-2101312344,8,646.301816,498.010656
228820,tdata5,-2101312327,8,645.140554,498.760136
228821,tdata5,-2101312311,8,646.603587,502.059893
228822,tdata5,-2101312294,8,649.390454,502.304361
228823,tdata5,-2101312277,8,651.242679,502.381555
228824,tdata5,-2101312261,8,653.409514,501.829955
228825,tdata5,-2101312244,8,654.307558,499.582923
228826,tdata5,-2101312227,8,654.307558,499.582923
228827,tdata5,-2101312211,8,654.189504,498.909634
228828,tdata5,-2101312194,8,651.770968,497.233543
228829,tdata5,-2101312177,8,648.86698,500.149558
228830,tdata5,-2101312161,8,647.437772,502.297996
228831,tdata5,-2101312144,8,645.1267,509.728461
228832,tdata5,-2101312127,8,644.967418,505.30962
228833,tdata5,-2101312111,8,644.870784,503.866824
228834,tdata5,-2101312094,8,648.616836,508.023857
228835,tdata5,-2101312077,8,648.616836,508.023857
228836,tdata5,-2101312061,8,652.334482,512.326058
228837,tdata5,-2101312044,8,657.387601,514.889296
228838,tdata5,-2101312027,8,671.914263,510.162659
228839,tdata5,-2101312011,8,683.680811,495.465179
228840,tdata5,-2101311994,8,681.993296,499.194451
228841,tdata5,-2101311977,8,687.672396,491.393371
228842,tdata5,-2101311960,8,687.507881,492.121677
228843,tdata5,-2101311944,8,687.039451,483.289681
228844,tdata5,-2101311927,8,687.039451,483.289681
228845,tdata5,-2101311910,8,686.932873,484.667164
228846,tdata5,-2101311894,8,687.330248,482.66072
228847,tdata5,-2101311877,8,689.950503,479.168693
228848,tdata5,-2101311861,8,689.289349,478.576392
228849,tdata5,-2101311844,8,689.035852,482.010672
228850,tdata5,-2101311827,8,687.857521,484.169674
228851,tdata5,-2101311810,8,688.08414,484.143346
228852,tdata5,-2101311793,8,691.421206,480.521538
228853,tdata5,-2101311777,8,691.421206,480.521538
228854,tdata5,-2101311760,8,688.798127,480.968431
228855,tdata5,-2101311743,8,687.371955,481.851402
228856,tdata5,-2101311727,8,688.362264,482.885146
228857,tdata5,-2101311710,8,688.031042,480.162671
228858,tdata5,-2101311694,8,689.277616,481.135407
228859,tdata5,-2101311677,8,688.484955,480.762824
228860,tdata5,-2101311660,8,688.398066,480.489783
228861,tdata5,-2101311644,8,699.474732,481.900459
228862,tdata5,-2101311627,9,703.345076,484.111368
228863,tdata5,-2101311610,9,701.932833,487.585596
228864,tdata5,-2101311593,9,703.341735,488.229085
228865,tdata5,-2101311577,9,702.132098,488.96262
228866,tdata5,-2101311560,9,698.026077,492.235381
228867,tdata5,-2101311544,9,693.209901,497.352707
228868,tdata5,-2101311527,9,697.244767,492.914086
228869,tdata5,-2101311510,9,699.903254,496.256844
228870,tdata5,-2101311494,9,702.663632,501.61928
228871,tdata5,-2101311477,9,702.663632,501.61928
228872,tdata5,-2101311460,9,706.652721,501.22015
228873,tdata5,-2101311444,9,704.689907,492.65945
228874,tdata5,-2101311427,9,704.827882,494.306881
228875,tdata5,-2101311410,9,703.356833,496.370779
228876,tdata5,-2101311394,9,701.896997,491.494969
228877,tdata5,-2101311377,9,702.833593,488.213338
228878,tdata5,-2101311360,9,699.660723,489.088413
228879,tdata5,-2101311344,9,701.368789,485.111923
228880,tdata5,-2101311327,9,701.368789,485.111923
228881,tdata5,-2101311310,9,700.022637,486.084295
228882,tdata5,-2101311293,9,697.430074,488.347388
228883,tdata5,-2101311276,9,696.414401,490.140613
228884,tdata5,-2101311260,9,696.21911,490.512246
228885,tdata5,-2101311243,9,694.812056,493.744183
228886,tdata5,-2101311227,9,694.132895,496.137848
228887,tdata5,-2101311210,9,694.213774,494.429359
228888,tdata5,-2101311193,9,694.011019,497.836116
228889,tdata5,-2101311177,9,694.011019,497.836116
228890,tdata5,-2101311160,9,695.24283,504.507937
228891,tdata5,-2101311143,9,695.234039,500.994784
228892,tdata5,-2101311127,9,695.609605,506.462785
228893,tdata5,-2101311110,9,696.636648,514.486013
228894,tdata5,-2101311093,9,700.280919,479.555743
228895,tdata5,-2101311077,9,700.081271,481.126463
228896,tdata5,-2101311060,9,701.465174,482.613321
228897,tdata5,-2101311043,9,702.415205,477.780639
228898,tdata5,-2101311026,9,702.415205,477.780639
228899,tdata5,-2101311010,9,740.427533,480.534003
228900,tdata5,-2101310993,9,741.309341,479.110049
228901,tdata5,-2101310977,9,756.28996,480.92564
228902,tdata5,-2101310960,9,763.928647,484.687389
228903,tdata5,-2101310943,9,777.432305,491.541347
228904,tdata5,-2101310927,9,781.240597,494.231084
228905,tdata5,-2101310910,9,780.865935,493.896891
228906,tdata5,-2101310893,9,794.830946,493.436041
228907,tdata5,-2101310877,9,794.830946,493.436041
228908,tdata5,-2101310860,9,794.393112,493.867682
228909,tdata5,-2101310843,9,793.846637,516.751298
228910,tdata5,-2101310827,9,793.53417,522.023668
228911,tdata5,-2101310810,9,782.069735,532.291621
228912,tdata5,-2101310793,9,789.803131,515.025373
228913,tdata5,-2101310776,9,788.569638,515.898387
228914,tdata5,-2101310760,9,788.728723,513.159682
228915,tdata5,-2101310743,9,788.321396,511.070746
228916,tdata5,-2101310726,9,794.958027,495.633496
228917,tdata5,-2101310710,9,794.578148,496.330039
228918,tdata5,-2101310693,9,798.359883,487.073938
228919,tdata5,-2101310674,9,799.736123,476.134499
228920,tdata5,-2101310660,9,799.749018,471.898439
228921,tdata5,-2101310643,9,799.91375,475.70295
228922,tdata5,-2101310626,10,800.511674,476.353739
228923,tdata5,-2101310609,10,800.913164,476.703099
228924,tdata5,-2101310593,10,800.277016,477.197642
228925,tdata5,-2101310576,10,800.277016,477.197642
228926,tdata5,-2101310560,10,792.554895,492.804115
228927,tdata5,-2101310543,10,792.428896,490.076742
228928,tdata5,-2101310526,10,795.596523,488.650945
228929,tdata5,-2101310510,10,795.902972,491.286403
228930,tdata5,-2101310493,10,798.452308,489.946245
228931,tdata5,-2101310476,10,800.520777,490.650998
228932,tdata5,-2101310460,10,805.634688,489.704455
228933,tdata5,-2101310443,10,813.638586,486.291974
228934,tdata5,-2101310426,10,813.638586,486.291974
228935,tdata5,-2101310410,10,818.008377,485.557662
228936,tdata5,-2101310393,10,814.140949,488.845437
228937,tdata5,-2101310376,10,812.121381,487.325834
228938,tdata5,-2101310360,10,811.612157,487.685449
228939,tdata5,-2101310343,10,811.000239,486.098016
228940,tdata5,-2101310326,10,808.224419,485.520669
228941,tdata5,-2101310310,10,809.747191,487.062674
228942,tdata5,-2101310292,10,812.692222,486.423583
228943,tdata5,-2101310276,10,812.151251,483.216449
228944,tdata5,-2101310259,10,811.195499,495.911565
228945,tdata5,-2101310243,10,811.988714,494.185365
228946,tdata5,-2101310226,10,810.292535,492.858299
228947,tdata5,-2101310210,10,809.005181,487.793612
228948,tdata5,-2101310193,10,807.265276,487.26369
228949,tdata5,-2101310176,10,809.347643,493.068782
228950,tdata5,-2101310159,10,810.15661,492.199804
228951,tdata5,-2101310143,10,811.604721,485.372067
228952,tdata5,-2101310126,10,811.604721,485.372067
228953,tdata5,-2101310109,10,803.007165,484.832211
228954,tdata5,-2101310093,10,812.366078,470.644136
228955,tdata5,-2101310076,10,805.538319,480.830624
228956,tdata5,-2101310059,10,810.630087,477.271173
228957,tdata5,-2101310043,10,814.513772,477.647332
228958,tdata5,-2101310026,10,827.477105,480.394937
228959,tdata5,-2101310009,10,830.744496,487.80537
228960,tdata5,-2101309993,10,827.761921,492.126174
228961,tdata5,-2101309976,10,827.761921,492.126174
228962,tdata5,-2101309959,10,827.999712,496.949027
228963,tdata5,-2101309943,10,824.621938,499.945625
228964,tdata5,-2101309926,10,820.450295,502.629636
228965,tdata5,-2101309909,10,814.232793,503.858802
228966,tdata5,-2101309893,10,807.543054,501.34724
228967,tdata5,-2101309876,10,818.512456,487.232878
228968,tdata5,-2101309859,10,821.162425,484.410138
228969,tdata5,-2101309843,10,819.278119,487.353176
228970,tdata5,-2101309826,10,819.927908,483.707945
228971,tdata5,-2101309809,10,820.463694,482.988866
228972,tdata5,-2101309792,10,820.253467,478.389452
228973,tdata5,-2101309776,10,822.600894,478.834713
228974,tdata5,-2101309759,10,822.900865,477.946356
228975,tdata5,-2101309743,10,823.326303,477.057348
228976,tdata5,-2101309726,10,824.306884,476.535412
228977,tdata5,-2101309709,10,825.993096,479.938595
228978,tdata5,-2101309692,10,825.912874,478.737677
228979,tdata5,-2101309676,10,825.912874,478.737677
228980,tdata5,-2101309659,10,821.667846,496.040313
228981,tdata5,-2101309643,10,818.662746,498.318969
228982,tdata5,-2101309626,11,838.931469,501.308734
228983,tdata5,-2101309609,11,909.217577,512.962566
228984,tdata5,-2101309593,11,916.419639,515.76244
228985,tdata5,-2101309576,11,921.625736,516.824669
228986,tdata5,-2101309559,11,922.614912,517.462408
228987,tdata5,-2101309542,11,925.038605,518.587938
228988,tdata5,-2101309526,11,925.038605,518.587938
228989,tdata5,-2101309509,11,924.597039,521.404627
228990,tdata5,-2101309492,11,919.606417,516.843112
228991,tdata5,-2101309476,11,916.544744,513.396083
228992,tdata5,-2101309459,11,914.927833,522.649416
228993,tdata5,-2101309442,11,913.636309,525.996653
228994,tdata5,-2101309426,11,915.011195,524.727685
228995,tdata5,-2101309409,11,916.345299,522.591493
228996,tdata5,-2101309392,11,920.329519,531.214769
228997,tdata5,-2101309376,11,914.12102,528.512757
228998,tdata5,-2101309359,11,916.448724,530.954369
228999,tdata5,-2101309342,11,918.922519,533.657696
229000,tdata5,-2101309326,11,919.144857,539.286398
229001,tdata5,-2101309309,11,922.335705,540.024435
229002,tdata5,-2101309292,11,924.949294,531.668328
229003,tdata5,-2101309276,11,923.785193,528.97716
229004,tdata5,-2101309259,11,923.667898,529.93576
229005,tdata5,-2101309242,11,923.532925,528.918445
229006,tdata5,-2101309226,11,923.532925,528.918445
229007,tdata5,-2101309209,11,913.159356,522.724695
229008,tdata5,-2101309192,11,915.258001,522.794971
229009,tdata5,-2101309176,11,914.049021,522.682983
229010,tdata5,-2101309159,11,917.213003,526.81391
229011,tdata5,-2101309142,11,915.616074,526.023428
229012,tdata5,-2101309126,11,918.017605,529.049839
229013,tdata5,-2101309109,11,917.291212,528.743545
229014,tdata5,-2101309092,11,919.053374,528.356333
229015,tdata5,-2101309075,11,919.053374,528.356333
229016,tdata5,-2101309059,11,921.533119,530.693349
229017,tdata5,-2101309042,11,924.081174,533.731267
229018,tdata5,-2101309025,11,924.176838,534.24738
229019,tdata5,-2101309009,11,922.991343,533.905138
229020,tdata5,-2101308992,11,922.705269,527.660643
229021,tdata5,-2101308975,11,923.700889,525.040293
229022,tdata5,-2101308959,11,923.603122,525.12271
229023,tdata5,-2101308942,11,924.246069,525.17526
229024,tdata5,-2101308925,11,923.920378,523.953748
229025,tdata5,-2101308909,11,926.360554,523.356673
229026,tdata5,-2101308892,11,925.967323,523.470635
229027,tdata5,-2101308875,11,922.609469,520.974414
229028,tdata5,-2101308859,11,921.053769,519.081843
229029,tdata5,-2101308842,11,919.784748,523.800914
229030,tdata5,-2101308825,11,921.169602,521.504166
229031,tdata5,-2101308809,11,922.581434,524.02306
229032,tdata5,-2101308792,11,930.297555,528.640594
229033,tdata5,-2101308775,11,930.297555,528.640594
229034,tdata5,-2101308758,11,933.441588,547.665853
229035,tdata5,-2101308742,11,933.559368,557.195812
229036,tdata5,-2101308725,11,932.671634,555.320872
229037,tdata5,-2101308708,11,931.994253,551.378248
229038,tdata5,-2101308691,11,930.534465,543.516443
229039,tdata5,-2101308675,11,931.488596,527.749654
229040,tdata5,-2101308658,11,926.401367,526.154452
229041,tdata5,-2101308641,11,927.274911,524.895932
229042,tdata5,-2101308625,12,927.274911,524.895932
229043,tdata5,-2101308609,12,931.486011,525.914428
229044,tdata5,-2101308592,12,929.696313,522.517082
229045,tdata5,-2101308575,12,928.467177,524.373069
229046,tdata5,-2101308558,12,924.482846,524.21632
229047,tdata5,-2101308542,12,923.417075,524.427907
229048,tdata5,-2101308525,12,923.291576,523.71538
229049,tdata5,-2101308508,12,923.677245,521.773005
229050,tdata5,-2101308492,12,924.537344,519.463127
229051,tdata5,-2101308475,12,926.043507,517.636957
229052,tdata5,-2101308458,12,953.329206,526.775759
229053,tdata5,-2101308442,12,985.814916,536.003292
229054,tdata5,-2101308425,12,1008.076342,534.203695
229055,tdata5,-2101308409,12,1010.639018,535.958803
229056,tdata5,-2101308392,12,1023.459595,533.077312
229057,tdata5,-2101308375,12,1015.799093,532.744595
229058,tdata5,-2101308358,12,1011.037363,532.211628
229059,tdata5,-2101308342,12,1026.503828,530.131579
229060,tdata5,-2101308325,12,1026.503828,530.131579
229061,tdata5,-2101308307,12,1019.888503,529.251104
229062,tdata5,-2101308292,12,1023.709572,529.452646
229063,tdata5,-2101308275,12,1026.013965,527.439317
229064,tdata5,-2101308258,12,1032.681711,530.764349
229065,tdata5,-2101308242,12,1034.295205,530.893208
229066,tdata5,-2101308225,12,1034.012814,531.104592
229067,tdata5,-2101308208,12,1031.182785,528.013342
229068,tdata5,-2101308192,12,1030.005486,526.955645
229069,tdata5,-2101308175,12,1025.514607,523.393534
229070,tdata5,-2101308158,12,1024.549984,524.683962
229071,tdata5,-2101308142,12,1021.460287,529.092023
229072,tdata5,-2101308125,12,1021.18611,529.302882
229073,tdata5,-2101308108,12,1021.23337,528.298544
229074,tdata5,-2101308092,12,1020.297118,530.105976
229075,tdata5,-2101308075,12,1021.765393,525.537576
229076,tdata5,-2101308058,12,1021.757061,522.522851
229077,tdata5,-2101308042,12,1022.052924,513.721354
229078,tdata5,-2101308025,12,1024.954136,512.845844
229079,tdata5,-2101308008,12,1032.781197,526.020926
229080,tdata5,-2101307992,12,1024.525072,521.914823
229081,tdata5,-2101307975,12,1027.545102,523.77086
229082,tdata5,-2101307958,12,1026.83984,517.908947
229083,tdata5,-2101307941,12,1029.767243,508.209909
229084,tdata5,-2101307925,12,1028.26203,508.319431
229085,tdata5,-2101307908,12,1028.294827,512.064758
229086,tdata5,-2101307892,12,1028.567619,509.201975
229087,tdata5,-2101307875,12,1029.066726,508.773236
229088,tdata5,-2101307858,12,1027.691736,514.40552
229089,tdata5,-2101307842,12,1026.565993,514.183395
229090,tdata5,-2101307824,12,1024.749323,520.372766
229091,tdata5,-2101307808,12,1026.543771,521.818327
229092,tdata5,-2101307791,12,1026.121266,522.100258
229093,tdata5,-2101307775,12,1025.713551,525.588806
229094,tdata5,-2101307758,12,1025.754998,525.420204
229095,tdata5,-2101307741,12,1025.754998,525.420204
229096,tdata5,-2101307725,12,1025.936637,529.063012
229097,tdata5,-2101307708,12,1028.126894,532.755032
229098,tdata5,-2101307691,12,1030.221179,537.273467
229099,tdata5,-2101307675,12,1029.663507,542.719697
229100,tdata5,-2101307658,12,1029.223248,542.26895
229101,tdata5,-2101307641,12,1029.55687,540.637668
229102,tdata5,-2101307625,13,1030.506375,538.246395
229103,tdata5,-2101307608,13,1029.320665,536.672876
229104,tdata5,-2101307591,13,1028.691455,535.778803
229105,tdata5,-2101307575,13,1030.988669,535.078788
229106,tdata5,-2101307558,13,1028.510337,537.358333
229107,tdata5,-2101307541,13,1028.615494,534.522193
229108,tdata5,-2101307524,13,1028.933027,534.037934
229109,tdata5,-2101307508,13,1027.927785,533.972121
229110,tdata5,-2101307491,13,1027.482151,534.028968
229111,tdata5,-2101307475,13,1023.389858,534.359868
229112,tdata5,-2101307458,13,1018.766751,530.068453
229113,tdata5,-2101307441,13,1018.648571,527.56306
229114,tdata5,-2101307424,13,1021.252723,529.124966
229115,tdata5,-2101307407,13,1021.839093,529.764261
229116,tdata5,-2101307391,13,1022.497608,534.78819
229117,tdata5,-2101307374,13,1027.582338,534.095047
229118,tdata5,-2101307358,13,1032.270055,531.567499
229119,tdata5,-2101307341,13,1033.702259,529.61468
229120,tdata5,-2101307324,13,1033.702259,529.61468
229121,tdata5,-2101307308,13,1040.80215,525.573667
229122,tdata5,-2101307291,13,1040.80215,525.573667
229123,tdata5,-2101307275,13,1257.194738,568.579248
229124,tdata5,-2101307258,13,1324.18243,576.41889
229125,tdata5,-2101307241,13,1324.18243,576.41889
229126,tdata5,-2101307224,13,1388.883118,589.387644
229127,tdata5,-2101307208,13,1387.905311,595.3243
229128,tdata5,-2101307191,13,1387.905311,595.3243
229129,tdata5,-2101307174,13,1391.005068,596.448105
229130,tdata5,-2101307158,13,1392.801279,590.390453
229131,tdata5,-2101307141,13,1393.106252,587.828964
229132,tdata5,-2101307124,13,1396.425149,571.856455
229133,tdata5,-2101307108,13,1388.102443,559.54008
229134,tdata5,-2101307091,13,1376.425883,550.104081
229135,tdata5,-2101307074,13,1378.512238,555.01019
229136,tdata5,-2101307058,13,1361.891791,539.137517
229137,tdata5,-2101307041,13,1354.90518,533.224939
229138,tdata5,-2101307024,13,1352.166976,530.886189
229139,tdata5,-2101307008,13,1353.497638,523.131693
229140,tdata5,-2101306991,13,1351.960617,527.815639
229141,tdata5,-2101306974,13,1353.464682,531.325014
229142,tdata5,-2101306957,13,1354.743989,537.097856
229143,tdata5,-2101306941,13,1357.024692,533.286291
229144,tdata5,-2101306924,13,1356.2396,536.841083
229145,tdata5,-2101306908,13,1352.223776,530.040246
229146,tdata5,-2101306891,13,1352.146429,528.590466
229147,tdata5,-2101306874,13,1350.628875,526.727064
229148,tdata5,-2101306858,13,1348.122866,526.683145
229149,tdata5,-2101306840,13,1348.122866,526.683145
229150,tdata5,-2101306824,13,1349.213207,517.321626
229151,tdata5,-2101306806,13,1351.199456,517.299687
229152,tdata5,-2101306791,13,1353.172221,517.644194
229153,tdata5,-2101306774,13,1352.315061,513.910938
229154,tdata5,-2101306758,13,1338.926025,510.58797
229155,tdata5,-2101306741,13,1331.513996,507.121421
229156,tdata5,-2101306724,13,1330.564849,510.59895
229157,tdata5,-2101306708,13,1331.910936,512.447707
229158,tdata5,-2101306691,13,1327.215238,512.750626
229159,tdata5,-2101306674,13,1322.987099,516.907512
229160,tdata5,-2101306657,13,1323.092789,518.672642
229161,tdata5,-2101306641,13,1325.563083,514.554934
229162,tdata5,-2101306624,14,1325.798325,513.063338
229163,tdata5,-2101306607,14,1324.194938,516.736091
229164,tdata5,-2101306591,14,1323.195234,518.282051
229165,tdata5,-2101306573,14,1326.070475,523.646164
229166,tdata5,-2101306557,14,1326.314428,523.834605
229167,tdata5,-2101306541,14,1325.917696,515.963599
229168,tdata5,-2101306524,14,1327.478871,492.926954
229169,tdata5,-2101306507,14,1328.141598,491.411337
229170,tdata5,-2101306491,14,1329.074109,491.971621
229171,tdata5,-2101306474,14,1329.143467,490.878881
229172,tdata5,-2101306457,14,1330.338776,497.910004
229173,tdata5,-2101306441,14,1331.685847,500.909464
229174,tdata5,-2101306424,14,1333.555795,503.78586
229175,tdata5,-2101306407,14,1330.66958,502.122589
229176,tdata5,-2101306391,14,1330.66958,502.122589
229177,tdata5,-2101306374,14,1330.796641,493.269426
229178,tdata5,-2101306357,14,1330.484437,491.795882
229179,tdata5,-2101306341,14,1328.929852,485.321344
229180,tdata5,-2101306324,14,1329.789702,487.766671
229181,tdata5,-2101306307,14,1329.888322,488.856594
229182,tdata5,-2101306291,14,1329.402343,487.179443
229183,tdata5,-2101306273,14,1326.979549,487.247713
229184,tdata5,-2101306257,14,1326.501342,487.098936
229185,tdata5,-2101306240,14,1326.726634,493.393837
229186,tdata5,-2101306224,14,1326.934233,491.783378
229187,tdata5,-2101306207,14,1330.459462,494.891546
229188,tdata5,-2101306190,14,1334.614126,494.650467
229189,tdata5,-2101306174,14,1334.299287,495.546137
229190,tdata5,-2101306157,14,1333.174219,497.692468
229191,tdata5,-2101306140,14,1319.137432,500.408777
229192,tdata5,-2101306124,14,1323.902508,500.597133
229193,tdata5,-2101306107,14,1324.318988,498.590913
229194,tdata5,-2101306090,14,1325.339877,500.790416
229195,tdata5,-2101306074,14,1325.891445,502.256755
229196,tdata5,-2101306057,14,1326.650215,502.750059
229197,tdata5,-2101306040,14,1330.043059,506.676422
229198,tdata5,-2101306024,14,1321.05246,498.192747
229199,tdata5,-2101306007,14,1322.165748,494.363962
229200,tdata5,-2101305990,14,1324.092693,493.400722
229201,tdata5,-2101305974,14,1321.603866,504.674857
229202,tdata5,-2101305957,14,1320.895102,503.907071
229203,tdata5,-2101305940,14,1320.895102,503.907071
229204,tdata5,-2101305924,14,1319.866382,500.797986
229205,tdata5,-2101305907,14,1319.952121,503.321818
229206,tdata5,-2101305890,14,1319.886447,502.32848
229207,tdata5,-2101305874,14,1319.816168,496.938551
229208,tdata5,-2101305857,14,1318.187726,496.564508
229209,tdata5,-2101305840,14,1318.334998,496.105345
229210,tdata5,-2101305824,14,1318.608615,495.014883
229211,tdata5,-2101305807,14,1320.582999,491.961452
229212,tdata5,-2101305790,14,1321.823834,488.960203
229213,tdata5,-2101305773,14,1321.962644,497.241177
229214,tdata5,-2101305757,14,1322.038996,497.796869
229215,tdata5,-2101305740,14,1325.639952,493.266576
229216,tdata5,-2101305724,14,1327.827236,491.151782
229217,tdata5,-2101305707,14,1326.496452,490.362562
229218,tdata5,-2101305690,14,1322.216615,492.844029
229219,tdata5,-2101305673,14,1322.314522,498.579759
229220,tdata5,-2101305657,14,1323.513088,497.367796
229221,tdata5,-2101305640,14,1322.793962,499.013342
229222,tdata5,-2101305623,15,1321.560498,498.438966
229223,tdata5,-2101305607,15,1318.289757,492.56387
229224,tdata5,-2101305590,15,1316.901943,490.5631
229225,tdata5,-2101305573,15,1309.98489,490.939956
229226,tdata5,-2101305557,15,1311.31358,490.519436
229227,tdata5,-2101305540,15,1314.25464,491.386108
229228,tdata5,-2101305523,15,1312.681018,492.926539
229229,tdata5,-2101305506,15,1310.988877,493.316655
229230,tdata5,-2101305490,15,1310.988877,493.316655
229231,tdata5,-2101305473,15,1313.85296,481.878928
229232,tdata5,-2101305457,15,1315.249343,484.261809
229233,tdata5,-2101305440,15,1319.246217,479.727929
229234,tdata5,-2101305423,15,1327.964596,484.337724
229235,tdata5,-2101305407,15,1328.535033,483.644652
229236,tdata5,-2101305390,15,1331.514426,491.585963
229237,tdata5,-2101305373,15,1328.534154,492.548596
229238,tdata5,-2101305357,15,1324.847491,488.919832
229239,tdata5,-2101305340,15,1324.974184,488.802865
229240,tdata5,-2101305323,15,1324.411921,492.616687
229241,tdata5,-2101305307,15,1324.386317,495.560035
229242,tdata5,-2101305290,15,1327.711024,495.571658
229243,tdata5,-2101305272,15,1326.837272,495.174912
229244,tdata5,-2101305257,15,1327.282599,495.169249
229245,tdata5,-2101305240,15,1327.487852,491.688082
229246,tdata5,-2101305223,15,1326.150873,485.254903
229247,tdata5,-2101305206,15,1325.194872,487.082701
229248,tdata5,-2101305190,15,1323.251207,487.560468
229249,tdata5,-2101305173,15,1322.129575,488.306833
229250,tdata5,-2101305157,15,1322.157301,490.42003
229251,tdata5,-2101305140,15,1324.83659,494.321776
229252,tdata5,-2101305123,15,1325.182261,500.129385
229253,tdata5,-2101305106,15,1325.646983,501.982549
229254,tdata5,-2101305090,15,1318.033221,500.505443
229255,tdata5,-2101305073,15,1297.352391,495.487992
229256,tdata5,-2101305057,15,1282.344871,501.310028
229257,tdata5,-2101305040,15,1282.344871,501.310028
229258,tdata5,-2101305023,15,1272.484526,494.557572
229259,tdata5,-2101305007,15,1273.268175,493.023115
229260,tdata5,-2101304990,15,1273.285703,490.828285
229261,tdata5,-2101304973,15,1272.402114,488.673925
229262,tdata5,-2101304956,15,1264.21968,486.330672
229263,tdata5,-2101304940,15,1262.199135,489.595384
229264,tdata5,-2101304923,15,1263.498187,488.740398
229265,tdata5,-2101304906,15,1263.498187,488.740398
229266,tdata5,-2101304890,15,1262.70023,489.954829
229267,tdata5,-2101304873,15,1265.556164,489.48658
229268,tdata5,-2101304856,15,1269.656395,486.913919
229269,tdata5,-2101304839,15,1266.132137,487.996711
229270,tdata5,-2101304823,15,1266.847108,487.914865
229271,tdata5,-2101304806,15,1266.122358,489.555547
229272,tdata5,-2101304790,15,1265.298685,489.36423
229273,tdata5,-2101304773,15,1265.666657,486.342239
229274,tdata5,-2101304756,15,1265.350434,486.041364
229275,tdata5,-2101304739,15,1265.537051,485.162907
229276,tdata5,-2101304723,15,1269.952713,480.553727
229277,tdata5,-2101304706,15,1269.365796,479.554447
229278,tdata5,-2101304690,15,1269.319954,479.680072
229279,tdata5,-2101304673,15,1271.586147,486.41758
229280,tdata5,-2101304656,15,1267.375755,487.60511
229281,tdata5,-2101304640,15,1258.695715,490.280261
229282,tdata5,-2101304623,16,1246.275957,490.26889
229283,tdata5,-2101304606,16,1234.684552,479.13991
229284,tdata5,-2101304589,16,1234.684552,479.13991
229285,tdata5,-2101304573,16,1226.140919,473.934818
229286,tdata5,-2101304556,16,1222.609292,466.505704
229287,tdata5,-2101304540,16,1216.133451,464.10176
229288,tdata5,-2101304523,16,1203.192535,481.712121
229289,tdata5,-2101304506,16,1203.572574,480.147775
229290,tdata5,-2101304490,16,1204.626003,474.196431
229291,tdata5,-2101304473,16,1203.953248,465.991078
229292,tdata5,-2101304456,16,1203.953248,465.991078
229293,tdata5,-2101304439,16,1203.99487,467.284318
229294,tdata5,-2101304423,16,1205.987593,468.435589
229295,tdata5,-2101304406,16,1203.233617,468.554011
229296,tdata5,-2101304389,16,1199.592958,487.378702
229297,tdata5,-2101304373,16,1195.561764,490.55566
229298,tdata5,-2101304356,16,1172.25074,498.348074
229299,tdata5,-2101304339,16,1170.220741,496.267132
229300,tdata5,-2101304323,16,1148.719301,512.318707
229301,tdata5,-2101304306,16,1139.434613,510.238069
229302,tdata5,-2101304289,16,1133.027569,513.551895
229303,tdata5,-2101304272,16,1127.099318,522.600739
229304,tdata5,-2101304256,16,1126.754531,523.497427
229305,tdata5,-2101304239,16,1124.452702,522.198501
229306,tdata5,-2101304223,16,1120.589285,518.364645
229307,tdata5,-2101304206,16,1120.694947,513.94946
229308,tdata5,-2101304189,16,1120.631041,512.947147
229309,tdata5,-2101304173,16,1124.819019,509.293546
229310,tdata5,-2101304156,16,1120.860855,520.244619
229311,tdata5,-2101304139,16,1120.860855,520.244619
229312,tdata5,-2101304122,16,1117.855097,528.333326
229313,tdata5,-2101304106,16,1118.385078,528.584185
229314,tdata5,-2101304089,16,1116.279097,536.565789
229315,tdata5,-2101304072,16,1108.149821,544.933106
229316,tdata5,-2101304056,16,1110.543331,541.887819
229317,tdata5,-2101304039,16,1108.632966,528.476313
229318,tdata5,-2101304022,16,1094.162097,532.141097
229319,tdata5,-2101304006,16,1046.178602,528.93064
229320,tdata5,-2101303989,16,1046.178602,528.93064
229321,tdata5,-2101303973,16,1041.300689,529.254217
229322,tdata5,-2101303956,16,1042.007913,523.167272
229323,tdata5,-2101303939,16,1043.405642,519.471304
229324,tdata5,-2101303923,16,1037.045803,515.772959
229325,tdata5,-2101303906,16,1037.255097,518.074626
229326,tdata5,-2101303889,16,1036.814448,518.13616
229327,tdata5,-2101303873,16,1033.705474,515.754699
229328,tdata5,-2101303856,16,1027.823865,525.492325
229329,tdata5,-2101303838,16,1027.823865,525.492325
229330,tdata5,-2101303822,16,1022.109295,542.095579
229331,tdata5,-2101303805,16,1017.660483,550.018242
229332,tdata5,-2101303789,16,1018.680457,553.479076
229333,tdata5,-2101303772,16,1018.097654,557.07619
229334,tdata5,-2101303756,16,1018.388319,561.128125
229335,tdata5,-2101303739,16,1020.868196,561.579257
229336,tdata5,-2101303723,16,1021.427622,560.275545
229337,tdata5,-2101303706,16,1023.886982,552.578301
229338,tdata5,-2101303689,16,1023.886982,552.578301
229339,tdata5,-2101303672,16,1023.129484,542.948066
229340,tdata5,-2101303656,16,1020.489432,536.993722
229341,tdata5,-2101303639,16,1020.771806,535.394231
229342,tdata5,-2101303622,17,1026.49948,534.347707
229343,tdata5,-2101303606,17,1030.097704,538.669307
229344,tdata5,-2101303589,17,1029.980784,534.949609
229345,tdata5,-2101303572,17,1025.395192,531.901242
229346,tdata5,-2101303556,17,1021.129961,531.486293
229347,tdata5,-2101303539,17,1021.129961,531.486293
229348,tdata5,-2101303522,17,1017.639276,527.200525
229349,tdata5,-2101303506,17,1018.182281,525.638221
229350,tdata5,-2101303489,17,1018.945609,523.959216
229351,tdata5,-2101303472,17,1020.250053,521.32603
229352,tdata5,-2101303456,17,1022.962881,517.500226
229353,tdata5,-2101303439,17,1024.66675,527.416608
229354,tdata5,-2101303422,17,1025.984091,531.314131
229355,tdata5,-2101303406,17,1017.213658,541.692308
229356,tdata5,-2101303389,17,1017.213658,541.692308
229357,tdata5,-2101303372,17,1017.191425,544.507534
229358,tdata5,-2101303356,17,1016.920142,542.98237
229359,tdata5,-2101303339,17,1018.393422,541.592693
229360,tdata5,-2101303322,17,1020.011981,540.447303
229361,tdata5,-2101303306,17,992.662827,560.829012
229362,tdata5,-2101303289,17,994.161034,560.373149
229363,tdata5,-2101303272,17,978.525976,578.696598
229364,tdata5,-2101303256,17,975.284394,589.342211
229365,tdata5,-2101303239,17,975.284394,589.342211
229366,tdata5,-2101303222,17,969.153879,598.60758
229367,tdata5,-2101303206,17,968.961868,599.048841
229368,tdata5,-2101303189,17,972.522557,600.436558
229369,tdata5,-2101303172,17,975.122782,588.930263
229370,tdata5,-2101303155,17,976.976441,578.451179
229371,tdata5,-2101303139,17,978.067322,574.015634
229372,tdata5,-2101303122,17,978.376655,576.067538
229373,tdata5,-2101303105,17,980.251716,567.505762
229374,tdata5,-2101303089,17,980.251716,567.505762
229375,tdata5,-2101303072,17,982.232487,564.345598
229376,tdata5,-2101303055,17,982.992285,558.351543
229377,tdata5,-2101303039,17,969.807314,580.076778
229378,tdata5,-2101303022,17,967.421187,583.444642
229379,tdata5,-2101303005,17,968.013898,582.938099
229380,tdata5,-2101302989,17,968.376988,583.007156
229381,tdata5,-2101302972,17,969.055391,582.126766
229382,tdata5,-2101302955,17,971.679889,583.119978
229383,tdata5,-2101302939,17,971.679889,583.119978
229384,tdata5,-2101302922,17,971.363518,593.086662
229385,tdata5,-2101302905,17,971.383442,590.530047
229386,tdata5,-2101302889,17,968.326289,626.511281
229387,tdata5,-2101302872,17,965.127273,645.636071
229388,tdata5,-2101302855,17,965.399335,639.481112
229389,tdata5,-2101302839,17,965.356492,639.564472
229390,tdata5,-2101302822,17,960.91614,650.505303
229391,tdata5,-2101302805,17,961.279849,650.618385
229392,tdata5,-2101302789,17,961.279849,650.618385
229393,tdata5,-2101302772,17,956.717916,654.153827
229394,tdata5,-2101302755,17,950.999562,657.511649
229395,tdata5,-2101302738,17,950.674543,658.326669
229396,tdata5,-2101302722,17,952.119172,676.318094
229397,tdata5,-2101302705,17,951.260033,682.815983
229398,tdata5,-2101302688,17,957.163516,687.335069
229399,tdata5,-2101302672,17,958.245703,692.924466
229400,tdata5,-2101302655,17,957.956985,688.843752
229401,tdata5,-2101302638,17,957.956985,688.843752
229402,tdata5,-2101302622,18,959.196093,689.645313
229403,tdata5,-2101302605,18,959.198037,687.448662
229404,tdata5,-2101302588,18,959.907588,683.675863
229405,tdata5,-2101302572,18,956.834466,683.760253
229406,tdata5,-2101302555,18,955.930375,683.812591
229407,tdata5,-2101302538,18,954.560705,688.56959
229408,tdata5,-2101302522,18,948.307318,706.5181
229409,tdata5,-2101302505,18,930.471386,725.280472
229410,tdata5,-2101302488,18,930.471386,725.280472
229411,tdata5,-2101302471,18,934.689075,730.242612
229412,tdata5,-2101302455,18,930.598867,730.642642
229413,tdata5,-2101302438,18,927.984193,730.299889
229414,tdata5,-2101302421,18,926.098073,730.604925
229415,tdata5,-2101302405,18,926.918339,733.47686
229416,tdata5,-2101302388,18,926.278462,737.648065
229417,tdata5,-2101302372,18,926.175028,740.168787
229418,tdata5,-2101302355,18,926.245311,740.651544
229419,tdata5,-2101302338,18,926.245311,740.651544
229420,tdata5,-2101302322,18,930.038247,742.157923
229421,tdata5,-2101302305,18,928.47048,742.622654
229422,tdata5,-2101302288,18,928.889378,740.748776
229423,tdata5,-2101302272,18,918.987411,736.093337
229424,tdata5,-2101302255,18,918.765944,736.105278
229425,tdata5,-2101302238,18,920.940066,739.378365
229426,tdata5,-2101302222,18,922.331998,738.888304
229427,tdata5,-2101302205,18,925.52061,738.546142
229428,tdata5,-2101302188,18,925.52061,738.546142
229429,tdata5,-2101302172,18,927.220502,728.669133
229430,tdata5,-2101302155,18,927.032756,729.673055
229431,tdata5,-2101302138,18,927.460687,725.51437
229432,tdata5,-2101302121,18,925.350728,727.696845
229433,tdata5,-2101302105,18,923.973559,732.054442
229434,tdata5,-2101302088,18,928.624962,739.586867
229435,tdata5,-2101302071,18,928.624962,739.586867
229436,tdata5,-2101302055,18,928.669601,743.474371
229437,tdata5,-2101302038,18,928.669601,743.474371
229438,tdata5,-2101302021,18,928.844723,745.318109
229439,tdata5,-2101302005,18,926.432337,732.004997
229440,tdata5,-2101301988,18,926.394326,727.703014
229441,tdata5,-2101301971,18,925.792533,723.478827
229442,tdata5,-2101301955,18,928.517483,721.508274
229443,tdata5,-2101301938,18,929.093937,721.825857
229444,tdata5,-2101301921,18,928.111694,721.787216
229445,tdata5,-2101301905,18,941.646677,733.102182
229446,tdata5,-2101301888,18,941.646677,733.102182
229447,tdata5,-2101301871,18,939.7945,737.86667
229448,tdata5,-2101301855,18,937.055894,749.404411
229449,tdata5,-2101301838,18,936.912356,746.694324
229450,tdata5,-2101301821,18,934.96764,738.55432
229451,tdata5,-2101301805,18,933.011026,731.73532
229452,tdata5,-2101301788,18,932.588527,728.504528
229453,tdata5,-2101301771,18,927.75125,721.922362
229454,tdata5,-2101301755,18,924.407471,722.181619
229455,tdata5,-2101301738,18,924.407471,722.181619
229456,tdata5,-2101301721,18,924.017396,726.745683
229457,tdata5,-2101301705,18,957.098281,766.411136
229458,tdata5,-2101301688,18,946.593822,765.423738
229459,tdata5,-2101301671,18,927.024608,750.283284
229460,tdata5,-2101301655,18,928.671726,754.197077
229461,tdata5,-2101301638,18,943.850081,741.206119
229462,tdata5,-2101301621,19,951.361123,735.996034
229463,tdata5,-2101301605,19,951.361123,735.996034
229464,tdata5,-2101301588,19,952.89476,735.79288
229465,tdata5,-2101301571,19,961.582845,738.012372
229466,tdata5,-2101301554,19,969.967536,745.007021
229467,tdata5,-2101301538,19,969.511394,748.62536
229468,tdata5,-2101301521,19,964.082824,752.55372
229469,tdata5,-2101301504,19,964.033464,751.88167
229470,tdata5,-2101301488,19,963.686216,751.586254
229471,tdata5,-2101301471,19,958.864229,756.139279
229472,tdata5,-2101301454,19,958.226083,752.960191
229473,tdata5,-2101301438,19,958.226083,752.960191
229474,tdata5,-2101301421,19,958.190301,757.652792
229475,tdata5,-2101301404,19,960.61092,760.775112
229476,tdata5,-2101301388,19,962.241046,761.188595
229477,tdata5,-2101301371,19,962.106546,762.667482
229478,tdata5,-2101301354,19,961.110983,753.428678
229479,tdata5,-2101301338,19,961.437705,753.282594
229480,tdata5,-2101301321,19,959.032936,747.254186
229481,tdata5,-2101301304,19,958.217949,746.517235
229482,tdata5,-2101301288,19,958.217949,746.517235
229483,tdata5,-2101301271,19,959.03,743.821116
229484,tdata5,-2101301254,19,958.960373,743.40866
229485,tdata5,-2101301238,19,959.884992,744.703255
229486,tdata5,-2101301221,19,961.648784,748.286804
229487,tdata5,-2101301204,19,962.142462,748.016311
229488,tdata5,-2101301188,19,964.862172,748.945234
229489,tdata5,-2101301170,19,965.277402,741.373101
229490,tdata5,-2101301154,19,965.883411,740.648176
229491,tdata5,-2101301138,19,965.883411,740.648176
229492,tdata5,-2101301121,19,967.230668,736.565773
229493,tdata5,-2101301104,19,966.311843,728.629557
229494,tdata5,-2101301088,19,966.955206,728.764732
229495,tdata5,-2101301071,19,966.178667,724.904525
229496,tdata5,-2101301054,19,961.855338,739.90254
229497,tdata5,-2101301038,19,961.234198,743.359481
229498,tdata5,-2101301021,19,960.137976,750.942231
229499,tdata5,-2101301004,19,957.04376,759.300046
229500,tdata5,-2101300987,19,957.04376,759.300046
229501,tdata5,-2101300971,19,953.477828,762.385066
229502,tdata5,-2101300954,19,952.540994,762.807513
229503,tdata5,-2101300937,19,955.091297,759.460012
229504,tdata5,-2101300921,19,956.210436,758.242829
229505,tdata5,-2101300904,19,956.694028,753.200654
229506,tdata5,-2101300888,19,956.543716,743.709283
229507,tdata5,-2101300871,19,956.901101,746.152074
229508,tdata5,-2101300854,19,960.552388,748.45562
229509,tdata5,-2101300837,19,960.552388,748.45562
229510,tdata5,-2101300821,19,969.965302,735.210314
229511,tdata5,-2101300804,19,970.914055,739.428476
229512,tdata5,-2101300787,19,971.15177,739.810738
229513,tdata5,-2101300771,19,972.141097,738.898085
229514,tdata5,-2101300754,19,969.876328,735.201644
229515,tdata5,-2101300738,19,960.194955,734.694223
229516,tdata5,-2101300721,19,961.517333,736.556857
229517,tdata5,-2101300704,19,962.72557,749.821193
229518,tdata5,-2101300687,19,962.72557,749.821193
229519,tdata5,-2101300671,19,960.503745,749.690049
229520,tdata5,-2101300654,19,970.301963,713.103428
229521,tdata5,-2101300637,19,967.58739,721.581369
229522,tdata5,-2101300620,20,973.621091,718.888643
229523,tdata5,-2101300604,20,968.526567,735.176326
229524,tdata5,-2101300587,20,968.273405,736.048374
229525,tdata5,-2101300571,20,964.035707,737.467953
229526,tdata5,-2101300554,20,962.719227,737.525124
229527,tdata5,-2101300537,20,962.719227,737.525124
229528,tdata5,-2101300520,20,955.326546,740.443147
229529,tdata5,-2101300504,20,958.926803,733.251265
229530,tdata5,-2101300487,20,959.947583,722.482002
229531,tdata5,-2101300471,20,959.046237,724.273616
229532,tdata5,-2101300454,20,956.065218,732.151641
229533,tdata5,-2101300437,20,954.617129,743.910573
229534,tdata5,-2101300420,20,957.076878,746.605453
229535,tdata5,-2101300404,20,958.425102,754.320796
229536,tdata5,-2101300387,20,958.425102,754.320796
229537,tdata5,-2101300370,20,961.5674,748.504156
229538,tdata5,-2101300354,20,958.300597,746.488202
229539,tdata5,-2101300337,20,949.56625,758.853592
229540,tdata5,-2101300321,20,952.044088,761.158943
229541,tdata5,-2101300304,20,960.975498,749.893992
229542,tdata5,-2101300287,20,961.260471,747.853883
229543,tdata5,-2101300270,20,959.154567,747.338663
229544,tdata5,-2101300254,20,954.550098,744.534108
229545,tdata5,-2101300237,20,954.550098,744.534108
229546,tdata5,-2101300220,20,953.046181,737.826101
229547,tdata5,-2101300201,20,956.618946,732.06482
229548,tdata5,-2101300186,20,959.065858,729.782397
229549,tdata5,-2101300170,20,963.738835,725.288746
229550,tdata5,-2101300154,20,962.54972,732.618574
